Category,Quantity,References,Value,Stock Code,Description,Group Layer,PCB Package,Supplier,Placed
Integrated Circuits,5,"U1,U35,U37,U49,U102",7408,https://www.mouser.sg/ProductDetail/Texas-Instruments/SN74LS08DR?qs=SL3LIuy2dWwzq5fnFo78kw%3D%3D,Quadruple 2-Input Positive-AND Gates,APU,SOIC127P600X175-14N-CAP,https://www.mouser.sg/ProductDetail/Mill-Max/110-93-314-41-801000?qs=%2Fha2pyFaduiAoJI%252BFT3Un6AU4u1EPWQWyNo%252BHzE50tJ%252B9XjMyXXSECwGDt8yOlKj,Top Copper
Integrated Circuits,26,"U2,U29,U36,U38,U39,U52,U53,U54,U56,U63,U69,U77,U78,U79,U80,U81,U95,U98,U100,U101,U128,U129,U130,U131,U132,U260",74LS273,https://www.mouser.sg/ProductDetail/Texas-Instruments/SN74LS273NSR?qs=SL3LIuy2dWxsq%2FCTeVMKZg%3D%3D,Octal D-Type Positive-Edge-Triggered Flip-Flops With Clear,APU,SOIC127P780X200-20N-CAP,https://www.mouser.sg/ProductDetail/Mill-Max/110-43-320-41-801000?qs=RC2ne4458IKe5rHuueYA%2FA%3D%3D,Top Copper
Integrated Circuits,17,"U3,U4,U5,U6,U7,U8,U9,U10,U11,U133,U134,U135,U136,U137,U138,U139,U140",74153,https://www.mouser.sg/ProductDetail/Texas-Instruments/SN74LS153DR?qs=SL3LIuy2dWyFs2m7ewa9VQ%3D%3D,Dual 1-of-4 Data Selectors/Multiplexers,APU,SOIC127P600X175-16N-CAP,https://www.mouser.sg/ProductDetail/Mill-Max/110-13-316-41-801000?qs=WZeyYeqMOWd122xzWNZKKg%3D%3D,Top Copper
Integrated Circuits,8,"U12,U16,U65,U67,U73,U112,U123,U143",7404,https://www.mouser.sg/ProductDetail/Texas-Instruments/SN74LS04DR?qs=SL3LIuy2dWzOhepjTMFpMg%3D%3D,Hex Inverters,APU,SOIC127P600X175-14N-CAP,https://www.mouser.sg/ProductDetail/Mill-Max/110-93-314-41-801000?qs=%2Fha2pyFaduiAoJI%252BFT3Un6AU4u1EPWQWyNo%252BHzE50tJ%252B9XjMyXXSECwGDt8yOlKj,Top Copper
Integrated Circuits,1,U13,74LS00,https://www.mouser.sg/ProductDetail/Texas-Instruments/SN74LS00DR?qs=p6YqzpSxLIxQ8nxlHdhQUQ%3D%3D,Quadruple 2-Input Positive-NAND Gates,APU,SOIC127P600X175-14N-CAP,https://www.mouser.sg/ProductDetail/Mill-Max/110-93-314-41-801000?qs=%2Fha2pyFaduiAoJI%252BFT3Un6AU4u1EPWQWyNo%252BHzE50tJ%252B9XjMyXXSECwGDt8yOlKj,Top Copper
Integrated Circuits,10,"U14,U50,U51,U55,U64,U66,U92,U99,U107,U406",7432,https://www.mouser.sg/ProductDetail/Texas-Instruments/SN74LS32DR?qs=SL3LIuy2dWwtfBSQ6o0JPg%3D%3D,Quad 2-input positive-OR gates,APU,SOIC127P600X175-14N-CAP,https://www.mouser.sg/ProductDetail/Mill-Max/110-93-314-41-801000?qs=%2Fha2pyFaduiAoJI%252BFT3Un6AU4u1EPWQWyNo%252BHzE50tJ%252B9XjMyXXSECwGDt8yOlKj,Top Copper
Integrated Circuits,5,"U15,U22,U45,U72,U76",74LS373,https://www.mouser.sg/ProductDetail/Texas-Instruments/SN74LS373DWR?qs=4FFjqLL55bR6x3WZek%252BFgQ%3D%3D,Octal D-Type Transparent Latches with 3-state Outputs,APU,SOIC127P1030X265-20N-CAP,https://www.mouser.sg/ProductDetail/Mill-Max/110-43-320-41-801000?qs=RC2ne4458IKe5rHuueYA%2FA%3D%3D,Top Copper
Integrated Circuits,5,"U17,U160,U161,U162,U163",6264FAST,https://www.mouser.sg/ProductDetail/Alliance-Memory/AS6C6264-55PCN?qs=sGAEpiMZZMt9mBA6nIyysDfDw0vDQxSwL3Jgh6owPVw%3D,64K (8Kx8) Static RAM,APU,DIL28CAP20,https://www.mouser.sg/ProductDetail/Mill-Max/110-13-628-41-801000?qs=%2Fha2pyFaduj2Vn9jTBaNkbbuPoiuMRTWeD8fU3A14YCfUCD0%252BtDLsfAVe9w3OSTn,Top Copper
Integrated Circuits,20,"U18,U19,U20,U21,U46,U47,U48,U75,U86,U87,U88,U89,U90,U91,U108,U109,U110,U111,U124,U125",74157,https://www.mouser.sg/ProductDetail/Texas-Instruments/SN74LS157DR?qs=SL3LIuy2dWw%2F%252Bp7AA8LUjg%3D%3D,Quadruple 1-of-2 Data Selectors/Multiplexers,APU,SOIC127P600X175-16N-CAP,https://www.mouser.sg/ProductDetail/Mill-Max/110-13-316-41-801000?qs=WZeyYeqMOWd122xzWNZKKg%3D%3D,Top Copper
Integrated Circuits,3,"U23,U70,U145",74HC138,https://www.mouser.sg/ProductDetail/Texas-Instruments/SN74LS138DR?qs=SL3LIuy2dWwYDw%252Bne7f7PA%3D%3D,3-Line to 8-Line Decoders/Demultiplexers,APU,SOIC127P600X175-16N-CAP,https://www.mouser.sg/ProductDetail/Mill-Max/110-13-316-41-801000?qs=WZeyYeqMOWd122xzWNZKKg%3D%3D,Top Copper
Integrated Circuits,2,"U24,U40",7474,https://www.mouser.sg/ProductDetail/Texas-Instruments/SN74LS74ADR?qs=UG%2F8xqv%2F6WdOEnCo3YslYA%3D%3D,Dual Positive-Edge-Triggered D-Type Flip-Flops With Clear And Preset,APU,SOIC127P600X175-14N-CAP,https://www.mouser.sg/ProductDetail/Mill-Max/110-93-314-41-801000?qs=%2Fha2pyFaduiAoJI%252BFT3Un6AU4u1EPWQWyNo%252BHzE50tJ%252B9XjMyXXSECwGDt8yOlKj,Top Copper
Integrated Circuits,23,"U25,U26,U27,U28,U32,U33,U34,U41,U42,U43,U44,U71,U82,U83,U84,U85,U103,U104,U105,U106,U126,U144,U149",74161,https://www.mouser.sg/ProductDetail/Texas-Instruments/SN74LS161ADR?qs=SL3LIuy2dWx%252BNiLsCGC3nA%3D%3D,Synchronous 4-Bit Binary Counters,APU,SOIC127P600X175-16N-CAP,https://www.mouser.sg/ProductDetail/Mill-Max/110-13-316-41-801000?qs=WZeyYeqMOWd122xzWNZKKg%3D%3D,Top Copper
Integrated Circuits,2,"U31,U373",74LS682,https://www.mouser.sg/ProductDetail/Texas-Instruments/SN74LS682NSR?qs=UG%2F8xqv%2F6Wf%252BtjFXUxef2A%3D%3D,8-Bit Magnitude Comparators,APU,SOIC127P780X200-20N-CAP,,Top Copper
Integrated Circuits,6,"U57,U58,U59,U60,U61,U62",7485,https://www.mouser.sg/ProductDetail/Texas-Instruments/SN74LS85DR?qs=UG%2F8xqv%2F6Wcr2VkhPBBoGA%3D%3D,4-Bit Magnitude Comparator,APU,SOIC127P600X175-16N-CAP,https://www.mouser.sg/ProductDetail/Mill-Max/110-13-316-41-801000?qs=WZeyYeqMOWd122xzWNZKKg%3D%3D,Top Copper
Integrated Circuits,1,U68,7420,https://www.mouser.sg/ProductDetail/Texas-Instruments/SN74LS20DR?qs=SL3LIuy2dWy0M2AUfsz%2Fvw%3D%3D,Dual 4-Input Positive-NAND Gates,APU,SOIC127P600X175-14N-CAP,https://www.mouser.sg/ProductDetail/Mill-Max/110-93-314-41-801000?qs=%2Fha2pyFaduiAoJI%252BFT3Un6AU4u1EPWQWyNo%252BHzE50tJ%252B9XjMyXXSECwGDt8yOlKj,Top Copper
Integrated Circuits,8,"U93,U94,U96,U97,U113,U114,U115,U116",74LS251,https://www.mouser.sg/ProductDetail/Texas-Instruments/SN74LS251DR?qs=SL3LIuy2dWxdxQFSECVB%252Bg%3D%3D,1-of-8 Data Selectors/Multiplexers With Tristate Outputs,APU,SOIC127P600X175-16N-CAP,https://www.mouser.sg/ProductDetail/Mill-Max/110-13-316-41-801000?qs=WZeyYeqMOWd122xzWNZKKg%3D%3D,Top Copper
Integrated Circuits,6,"U117,U118,U119,U120,U121,U122",74LS283,https://www.mouser.sg/ProductDetail/Texas-Instruments/SN74LS283D?qs=RnzODY3cU8uoUhrsuMKPjw%3D%3D,4-Bit Binary Full Adders With Fast Carry,APU,SOIC127P600X175-16N-CAP,https://www.mouser.sg/ProductDetail/Mill-Max/110-13-316-41-801000?qs=WZeyYeqMOWd122xzWNZKKg%3D%3D,Top Copper
Integrated Circuits,2,"U127,U146",74S139,https://www.mouser.sg/ProductDetail/Texas-Instruments/SN74LS139ADR?qs=SL3LIuy2dWwpYzaAOf%252BnlA%3D%3D,Dual 2-Line to 4-Line Decoders/Demultiplexers,APU,SOIC127P600X175-16N-CAP,https://www.mouser.sg/ProductDetail/Mill-Max/110-13-316-41-801000?qs=WZeyYeqMOWd122xzWNZKKg%3D%3D,Top Copper
Integrated Circuits,1,U141,74LS11,https://www.mouser.sg/ProductDetail/Texas-Instruments/SN74LS11DR?qs=sGAEpiMZZMutXGli8Ay4kP28D9wZ8SQIaoHi3xvjif4%3D,Triple 3-Input Positive-AND Gates,APU,SOIC127P600X175-14N-CAP,https://www.mouser.sg/ProductDetail/Mill-Max/110-93-314-41-801000?qs=%2Fha2pyFaduiAoJI%252BFT3Un6AU4u1EPWQWyNo%252BHzE50tJ%252B9XjMyXXSECwGDt8yOlKj,Top Copper
Integrated Circuits,1,U147,7410,https://www.mouser.sg/ProductDetail/Texas-Instruments/SN74LS10DR?qs=sGAEpiMZZMutXGli8Ay4kP28D9wZ8SQI5p3xXbui0l0%3D,Triple 3-Input Positive-NAND Gates,APU,SOIC127P600X175-14N-CAP,https://www.mouser.sg/ProductDetail/Mill-Max/110-93-314-41-801000?qs=%2Fha2pyFaduiAoJI%252BFT3Un6AU4u1EPWQWyNo%252BHzE50tJ%252B9XjMyXXSECwGDt8yOlKj,Top Copper
Integrated Circuits,1,U264,74273,https://www.mouser.sg/ProductDetail/Texas-Instruments/SN74LS273NSR?qs=SL3LIuy2dWxsq%2FCTeVMKZg%3D%3D,Octal D-Type Positive-Edge-Triggered Flip-Flops With Clear,APU,SOIC127P780X200-20N-CAP,https://www.mouser.sg/ProductDetail/Mill-Max/110-43-320-41-801000?qs=RC2ne4458IKe5rHuueYA%2FA%3D%3D,Top Copper
Miscellaneous,1,3M,74S139,https://www.mouser.sg/ProductDetail/Texas-Instruments/SN74LS139ADR?qs=SL3LIuy2dWwpYzaAOf%252BnlA%3D%3D,Dual 2-Line to 4-Line Decoders/Demultiplexers,APU,SOIC127P600X175-16N-CAP,https://www.mouser.sg/ProductDetail/Mill-Max/110-13-316-41-801000?qs=WZeyYeqMOWd122xzWNZKKg%3D%3D,Top Copper
Miscellaneous,5,"DIGITAL DATA,INSTR,INTERNALMEMORY,MEMORY,VIDEOSIGNALS",,,Logic Analyser (Virtual Instrument),,NULL,,Not placed
Miscellaneous,4,"DSW1,DSW2,DSW3,DSW4",DIPSW_8,https://www.mouser.sg/ProductDetail/TE-Connectivity/ADE08A04?qs=sGAEpiMZZMtt%2FePYj%2FTMhwk%252B%2FhX4O0WAjJubDt0lPR8%3D,Interactive DIP Switch 8 indipendent elements,APU,SW-DIP8,,Top Copper
Miscellaneous,1,DU63,74S139,https://www.mouser.sg/ProductDetail/Texas-Instruments/SN74LS139AN?qs=sGAEpiMZZMtxONTBFIcRfpKvrGTByBdi%2FBZhV6RAyCA%3D,Dual 2-Line to 4-Line Decoders/Demultiplexers,DEBUG,NULL,,Not placed
Miscellaneous,1,DU64,74HC138,https://www.mouser.sg/ProductDetail/Texas-Instruments/SN74LS138NE4?qs=sGAEpiMZZMtxONTBFIcRfk9GpaUoLd0ck0Ao35GjMhY%3D,3-Line to 8-Line Decoders/Demultiplexers,DEBUG,NULL,,Not placed
Miscellaneous,1,DU66,6116FAST,https://www.mouser.sg/ProductDetail/Renesas-Electronics/6116LA20TPG?qs=SmUuHNCnblrwZH5u1F5zAw%3D%3D,16K (2Kx8) Static RAM (Fast),DEBUG,NULL,,Not placed
Miscellaneous,1,DU113,7404,,Hex Inverters,,NULL,,Not placed
Miscellaneous,1,DU3H,7432,,Quad 2-input positive-OR gates,DEBUG,NULL,,Not placed
Miscellaneous,1,EXPANSIONBUSH1,09022646824,https://www.mouser.sg/ProductDetail/?qs=gIpPgrDBK%2Fj7cjNJs9Ij%252BQ%3D%3D,"Harting 64 Way 2.54mm Pitch, Type B Class C2, 2 Row a/b, Straight DIN 41612 Connector, Socket, Solder",APU,09022646824,,Top Copper
Miscellaneous,2,"EXPANSIONBUSP1,VIDEOP1",MY_09021646921,https://www.mouser.sg/ProductDetail/HARTING/09021646921?qs=gIpPgrDBK%2FiWr6s0yE4P1A%3D%3D,DIN 41612 Connectors 64P 2A MALE R/A SLDR,APU,09021646921,,Top Copper
Miscellaneous,2,"VSMDD1,VSMDD2",VSMDIGITALDATA,,Digital Data Generator (Virtual Instrument),,NULL,,Not placed
Miscellaneous,4,"VSMDD3,VSMDD4,VSMDD5,VSMDD6",VSMDIGITALDATAINPUT,,Digital Data Generator (Virtual Instrument),,NULL,,Not placed
